Dialogue_ID,Character,Text_Content,Memo,
PUZZLE_NOTE_01,A,"이 글을 읽고 있다면, 자네도 나와 같은 자리에 앉아 모니터만 바라보고 있는 불쌍한 영혼이겠지.
매일같이 편지들을 검열하며 전송과 폐기를 반복하는 삶. 회사가 강조하는 ‘연결의 가치’는 다 거짓이야. 정작 우리를 이 차가운 우주 속에 완벽하게 고립시켜 두고 감시하고 있으니까. 회사의 말을 믿는 애송이라면 뒤의 글들은 무시해도 좋네.
무튼, 난 이 감옥 같은 곳을 탈출하려 해.
탈출 계획은 세워뒀지만 성공을 보장하진 못하겠네. 그래도 미래의 후배들을 위해 곳곳에 흔적들을 숨겨놓도록 하지. 우리가 비록 이 부품 같은 방에 갇혀있지만, 국내 최고의 엘리트로서 고용된 인재들이니 이 정도 수준의 수수께끼는 가볍게 풀 수 있을 거라 믿어 의심치 않아.
지금 고개를 들어 모니터를 봐. 우리를 억압하는 성가신 금기 사항들이 첫 번째 열쇠가 될 거라네.
통제실에서만 보이던 행성에서 만나지. 건투를 빈다.","떨어진 종이 한 조각, 상호작용시 표시",
PUZZLE_NOTE_02,A,"하하, 이 문을 그냥 열 수 있을 줄 알았나 보지? 이 글을 읽고 있는 걸 보니 자네는 꽤나 순진한 신입이거나, 아직 회사에 덜 길들여진 모양이군.
허둥지둥 ID 카드키를 찾으려고 주변 바닥을 샅샅이 뒤졌을 자네 모습을 생각하니 꽤 흥미로워. 미안하게도 우리 같은 평범한 직원들은 들어갈 수 없단다. 농담은 이쯤 해두고 본론으로 들어가지.
특별한 종이 하나를 넣어뒀어. 중앙 통제실로 향하는 벽은 굉장히 화려하잖아? 흩어진 조각들을 똑바로 맞추면 뭔갈 얻게 될거야.
자, 국내 최고 엘리트씨. 회사의 화려한 거짓말에 눈이 멀어 벽 뒤의 진실을 놓치지 말라고.","근처에 떨어진 편지, 상호작용시 표시",
PUZZLE_NOTE_03,A,"여기까지 들어오다니, 자네를 '순진한 애송이'라고 부른 건 정중히 사과해야겠군. 상사들의 가스라이팅 팝업이 화면을 덮쳐서 제법 간담이 서늘했을 텐데, 겁먹지 마. 저들의 말은 전부 자네를 주저앉히기 위한 허상일 뿐이니까.
자, 고개를 들어 창밖을 봐. 저 푸른 행성이 보이지? 회사는 우리가 저 아름다운 곳을 바라보는 것조차 죄악으로 여겼어. 
행성으로 가기 위해서는 해당 행성을 향하는 특별한 우주선을 타야해. 그럼 행성 이름을 찾는 것 부터겠지.
모든 레버를 가동시켜봐. 반이나 왔다면 이정도는 껌일테니. ","메인 콘솔 키보드 아래 교묘하게 끼워진 편지, 상호작용시 표시",
PUZZLE_NOTE_04,A,"거 봐 내 말대로지? 가스라이팅 따위에 굴하지 않고 여기까지 온 걸 진심으로 축하하네.
이제 진짜 탈출을 위한 핵심 정보에 접근할 차례야. 우리가 검열하던 수많은 편지와 데이터들... 그게 다 어디로 향했는지 아나? 바로 이 문 너머 '메인 기록실'에 고스란히 숨겨져 있지. 회사가 우리에게 숨기려 했던 우주선의 진짜 목적지가 기록되어 있네.
하지만 기록실 보안은 통제실보다 까다로워… 행운을 빈다.","바닥에 떨어진 편지, 상호작용시 표시",
PUZZLE_NOTE_05,A,"기록실까지 찾아낸 걸 보니, 자네는 정말 이 감옥을 나갈 자격이 충분한 인재야.
회사는 우리를 평생 이곳에 가두고 외부와의 단절을 강요했지만, 격납고에는 이곳을 탈출할 수 있는 비상 탈출선이 대기 중이라네.
하지만 격납고 문은 아무나 열 수 없어….그러니 내가 도와주지!!!
내가 탈출시도 할 때 사용한 마스터키가 있어.
지금까지 받은 편지내용을 잘 살펴보게.","기록 파일들 사이에 있는 편지, 상호작용시 표시",
PUZZLE_NOTE_06,A,"이 글을 읽고 있다면, 자네는 완벽하게 탈출에 성공한 거네.
혼자서 이 모든 장치를 풀고 여기까지 온 걸 축하해. 회사의 거짓된 감옥에서 벗어나, 이제 자네가 진정으로 원하던 우주로 나아가게.
우주선이 오래되어 잔고장이 있을 수 있어. 자네라면 이 정도는 고칠 수 있지?
시동을 걸고 발사 버튼을 누르면 모든 게 끝이야. 멋진 항해가 되기를!","장비들 사이에 있는 편지, 상호작용싱 표시",
